{"cameraMode":{"drawMode":0,"name":"Shaded","section":"Shading Mode"},"sceneLighting":false,"audioPlay":false,"sceneViewState":{"showFog":true,"showMaterialUpdate":true,"showSkybox":false,"showFlares":true,"showImageEffects":true,"showParticleSystems":true},"in2DMode":false,"pivot":{"x":60.18622970581055,"y":-3.9164929389953615,"z":6.874432563781738},"rotation":{"x":0.19109292328357697,"y":0.143712118268013,"z":-0.028294773772358896,"w":0.9705821871757507},"size":3.172943592071533,"orthographic":false}