{"cameraMode":{"drawMode":0,"name":"Shaded","section":"Shading Mode"},"sceneLighting":true,"audioPlay":false,"sceneViewState":{"showFog":true,"showMaterialUpdate":true,"showSkybox":true,"showFlares":true,"showImageEffects":true,"showParticleSystems":true},"in2DMode":false,"pivot":{"x":135.0598602294922,"y":-19.825281143188478,"z":-32.8671989440918},"rotation":{"x":0.16356979310512544,"y":-0.4395429790019989,"z":0.08175470679998398,"w":0.8794106245040894},"size":35.3736457824707,"orthographic":true}