{"cameraMode":{"drawMode":0,"name":"Shaded","section":"Shading Mode"},"sceneLighting":false,"audioPlay":false,"sceneViewState":{"showFog":true,"showMaterialUpdate":true,"showSkybox":false,"showFlares":true,"showImageEffects":true,"showParticleSystems":true},"in2DMode":false,"pivot":{"x":-15.13443374633789,"y":13.644928932189942,"z":13.699999809265137},"rotation":{"x":0.012395644560456276,"y":0.27969425916671755,"z":-0.0035644134040921928,"w":0.9600025415420532},"size":22.172122955322267,"orthographic":true}