{"cameraMode":{"drawMode":0,"name":"Shaded","section":"Shading Mode"},"sceneLighting":true,"audioPlay":false,"sceneViewState":{"showFog":true,"showMaterialUpdate":true,"showSkybox":true,"showFlares":true,"showImageEffects":true,"showParticleSystems":true},"in2DMode":false,"pivot":{"x":107.46023559570313,"y":10.26573657989502,"z":-67.14199829101563},"rotation":{"x":0.19109292328357697,"y":0.143712118268013,"z":-0.028294773772358896,"w":0.9705821871757507},"size":56.09695816040039,"orthographic":true}