{"cameraMode":{"drawMode":0,"name":"Shaded","section":"Shading Mode"},"sceneLighting":true,"audioPlay":false,"sceneViewState":{"showFog":true,"showMaterialUpdate":true,"showSkybox":true,"showFlares":true,"showImageEffects":true,"showParticleSystems":true},"in2DMode":false,"pivot":{"x":90.94570922851563,"y":5.858850479125977,"z":-73.6941146850586},"rotation":{"x":-0.2588712275028229,"y":0.14422571659088136,"z":-0.03912453353404999,"w":-0.9542818665504456},"size":3.8222877979278566,"orthographic":false}