{"cameraMode":{"drawMode":0,"name":"Shaded","section":"Shading Mode"},"sceneLighting":false,"audioPlay":false,"sceneViewState":{"showFog":true,"showMaterialUpdate":true,"showSkybox":false,"showFlares":true,"showImageEffects":true,"showParticleSystems":true},"in2DMode":false,"pivot":{"x":9.198212623596192,"y":19.652851104736329,"z":-12.300000190734864},"rotation":{"x":-0.017086632549762727,"y":-0.9826741218566895,"z":0.14098666608333589,"w":-0.11909044533967972},"size":70.57807159423828,"orthographic":true}