{"cameraMode":{"drawMode":0,"name":"Shaded","section":"Shading Mode"},"sceneLighting":true,"audioPlay":false,"sceneViewState":{"showFog":true,"showMaterialUpdate":true,"showSkybox":true,"showFlares":true,"showImageEffects":true,"showParticleSystems":true},"in2DMode":false,"pivot":{"x":126.47760009765625,"y":-10.739120483398438,"z":-52.82251739501953},"rotation":{"x":-0.20723167061805726,"y":0.26330482959747317,"z":-0.058023110032081607,"w":-0.9404036402702332},"size":149.4596710205078,"orthographic":false}