{"cameraMode":{"drawMode":0,"name":"Shaded","section":"Shading Mode"},"sceneLighting":true,"audioPlay":false,"sceneViewState":{"showFog":true,"showMaterialUpdate":true,"showSkybox":true,"showFlares":true,"showImageEffects":true,"showParticleSystems":true},"in2DMode":false,"pivot":{"x":0.9478330016136169,"y":-1.8189976215362549,"z":-6.996633529663086},"rotation":{"x":0.013947448693215847,"y":0.9734373688697815,"z":-0.22004131972789765,"w":0.06170183792710304},"size":21.659957885742189,"orthographic":false}