{"cameraMode":{"drawMode":0,"name":"Shaded","section":"Shading Mode"},"sceneLighting":false,"audioPlay":false,"sceneViewState":{"showFog":true,"showMaterialUpdate":true,"showSkybox":false,"showFlares":true,"showImageEffects":true,"showParticleSystems":true},"in2DMode":false,"pivot":{"x":0.0007936358451843262,"y":0.8876171112060547,"z":-0.025523126125335695},"rotation":{"x":0.013947448693215847,"y":0.9734373688697815,"z":-0.22004131972789765,"w":0.06170183792710304},"size":4.538482189178467,"orthographic":false}